CDR3,rank,ratio
CAITPGPYPSGYGYTF,0.049,2.54280407839979
CASSESGQFYEQYF,0.098,1.08977317645705
CASSILTGELFF,0.0659999999999999,1.27140203919989
CASSLYLGQVRGGGEQFF,0.073,1.27140203919989
CASSQDVQTTDTQYF,0.078,0.61027297881595
CASSSRLAESSYEQYF,0.052,2.54280407839979
CASSVYPSYEQYF,0.00800000000000001,3.39040543786638
CAVGQGDGEQYF,0.00590000000000002,0.726515450971368
CAWSVLAGDRETQYF,0.07,0.508560815679959
CAYDRATYEQYF,0.00749999999999995,2.54280407839979
CSVEDLFYGYTF,0.082,1.69520271893319
CSVVGQGLGAYEQYF,0.023,1.35616217514656
