CDR3,rank,ratio
CASFTGGTEAFF,0.034,1.90070841522651
CASGPYSGGGTDTQYF,0.0141,0.863958370557501
CASRVGGIGTEAFF,0.03,0.475177103806625
CASSLARIINYGYTF,0.0570000000000001,1.9007084152265
CASSNSEKLFF,0.025,1.9007084152265
CASSPLVYEQFF,0.037,5.7021252456795
CASSSAHYGYTF,0.00139999999999996,1.31587505669527
CASSYATGGMKEQFF,0.075,1.90070841522651
CASSYSTQGYNEQFF,0.024,1.23959244471293
CASTSEAGSSYNSPLHF,0.02,0.997871917993913
CATLGEGGLAGGPTQYF,0.099,1.1404250491359
CAVRVAETQYF,0.078,3.80141683045301
CAWSISDLAKNIQYF,0.00719999999999998,0.95035420761325
CAWSVGDGRSGYTF,0.029,0.760283366090601
CAYDRATYEQYF,0.0600000000000001,0.95035420761325
CSVPTRTGTPLSYEQYF,0.0679999999999999,3.80141683045301
