CDR3,rank,ratio
CASAGLLNARTEAFF,0.032,2.45707129911937
CASGPYSGGGTDTQYF,0.0629999999999999,1.34022070861057
CASSFEITGGTEAFF,0.082,7.37121389735813
CASSIRSSYEQYF,0.00680000000000003,7.37121389735813
CASSLTSLRPQHF,0.034,3.68560694867908
CASSPWTGGFSNSPLHF,0.049,3.68560694867908
CASSSAGTGSSTSVYEQYF,0.0639999999999999,1.1793942235773
CAWSLTDSNEQFF,0.088,1.22853564955969
