CDR3,rank,ratio
CAGEGASEKLFF,0.098,1.58025201913967
CASSFIPRSYQETQYF,0.084,1.58025201913967
CASSLGGESYGYTF,0.043,3.16050403827935
CASSPDRGLSYEQYF,0.038,3.16050403827933
CASSPWTGGFSNSPLHF,0.0570000000000001,0.790126009569835
CASSQEGYNEQFF,0.0244,6.32100807655868
CASSSDEKLFF,0.0679999999999999,1.04152973988751
CASSYGGEYTF,0.072,0.395063004784916
CASSYSTQGYNEQFF,0.0580000000000001,1.51154540961186
CATKGSGANTEAFF,0.00670000000000004,1.58025201913967
CATSGRRPYEQYF,0.037,3.16050403827933
CATSRQGFYGYTF,0.083,3.16050403827935
CSVVGQGLGAYEQYF,0.0286,2.7391034998421
