CDR3,clone_size,FMYSDFHFI_rank,Antigen
CATKGSGANTEAFF,0.00109409190371991,0.00670000000000004,FMYSDFHFI
CASSTSPAFYGYTF,0.00109409190371991,0.0122,FMYSDFHFI
CASSPFRGGAEAFF,0.00109409190371991,0.016,FMYSDFHFI
CASSVTGLYYGYTF,0.00109409190371991,0.02,FMYSDFHFI
CAWSGSLNYGYTF,0.00109409190371991,0.0221,FMYSDFHFI
CASSQEGYNEQFF,0.00437636761487965,0.0244,FMYSDFHFI
CASSMGLYEQYF,0.00109409190371991,0.0247000000000001,FMYSDFHFI
CASSSQGGNIQYF,0.00218818380743982,0.025,FMYSDFHFI
CASSIFGSSYNEQFF,0.00109409190371991,0.0283,FMYSDFHFI
CSVVGQGLGAYEQYF,0.0284463894967177,0.0286,FMYSDFHFI
CASSIVAGGYEQYF,0.00109409190371991,0.034,FMYSDFHFI
CATSGRRPYEQYF,0.00218818380743982,0.037,FMYSDFHFI
CASSPDRGLSYEQYF,0.00218818380743982,0.038,FMYSDFHFI
CASSLGGESYGYTF,0.00437636761487965,0.043,FMYSDFHFI
CASSPSGRGIYEQYF,0.00328227571115974,0.043,FMYSDFHFI
CAARGSTGPSEKLFF,0.00109409190371991,0.044,FMYSDFHFI
CASSGTGMGLYNEQFF,0.00218818380743982,0.0570000000000001,FMYSDFHFI
CASSPWTGGFSNSPLHF,0.00109409190371991,0.0570000000000001,FMYSDFHFI
CASSYSTQGYNEQFF,0.0240700218818381,0.0580000000000001,FMYSDFHFI
CAIFDGGADGYTF,0.00109409190371991,0.0610000000000001,FMYSDFHFI
CASSFLLSGQGMWVPQFF,0.00109409190371991,0.0610000000000001,FMYSDFHFI
CASSRTGNEQFF,0.00109409190371991,0.0610000000000001,FMYSDFHFI
CASIRGVRANYGYTF,0.00109409190371991,0.0620000000000001,FMYSDFHFI
CASSSDEKLFF,0.0317286652078775,0.0679999999999999,FMYSDFHFI
CASSYGGEYTF,0.00109409190371991,0.072,FMYSDFHFI
CATSRQGFYGYTF,0.00437636761487965,0.083,FMYSDFHFI
CASSFIPRSYQETQYF,0.00109409190371991,0.084,FMYSDFHFI
CAGEGASEKLFF,0.0240700218818381,0.098,FMYSDFHFI
CSVNGLAGPHEQFF,0.00218818380743982,0.098,FMYSDFHFI
