CDR3,clone_size,GLCTLVAML_rank,Antigen
CSVNGLAGPHEQFF,0.00574712643678161,0,GLCTLVAML
CAVGQGDGEQYF,0.00383141762452107,0.00590000000000002,GLCTLVAML
CAYDRATYEQYF,0.00383141762452107,0.00749999999999995,GLCTLVAML
CASSVYPSYEQYF,0.00766283524904215,0.00800000000000001,GLCTLVAML
CSVEDRAGGPNTGELFF,0.00574712643678161,0.022,GLCTLVAML
CSVVGQGLGAYEQYF,0.0153256704980843,0.023,GLCTLVAML
CASSLLTSGGDEQFF,0.00191570881226054,0.024,GLCTLVAML
CAITPGPYPSGYGYTF,0.00191570881226054,0.049,GLCTLVAML
CASSDIYEQYF,0.00191570881226054,0.049,GLCTLVAML
CASSSRLAESSYEQYF,0.00191570881226054,0.052,GLCTLVAML
CASSYRQGNTEAFF,0.00191570881226054,0.0649999999999999,GLCTLVAML
CASSILTGELFF,0.00383141762452107,0.0659999999999999,GLCTLVAML
CAWSVLAGDRETQYF,0.00191570881226054,0.07,GLCTLVAML
CASSLYLGQVRGGGEQFF,0.00383141762452107,0.073,GLCTLVAML
CASSPGGTSVNIQYF,0.00191570881226054,0.075,GLCTLVAML
CASSQDVQTTDTQYF,0.0114942528735632,0.078,GLCTLVAML
CAVRDRLTGGGNKLTF,0.00191570881226054,0.078,GLCTLVAML
CSVEDLFYGYTF,0.00383141762452107,0.082,GLCTLVAML
CASSRSQGAPGTEAFF,0.00383141762452107,0.094,GLCTLVAML
CAYSRVGGYTF,0.00191570881226054,0.096,GLCTLVAML
CASSESGQFYEQYF,0.0229885057471264,0.098,GLCTLVAML
