CDR3,clone_size,NLVPMVATV_rank,Antigen
CATRMGQGVTDTQYF,0.00146412884333821,-9.9999999999989e-05,NLVPMVATV
CASSDLPGTGNEKLFF,0.00292825768667643,0,NLVPMVATV
CASSSAHYGYTF,0.0131771595900439,0.00139999999999996,NLVPMVATV
CAWSISDLAKNIQYF,0.00146412884333821,0.00719999999999998,NLVPMVATV
CASGPYSGGGTDTQYF,0.00732064421669107,0.0141,NLVPMVATV
CASTSEAGSSYNSPLHF,0.0307467057101025,0.02,NLVPMVATV
CASSYSTQGYNEQFF,0.0219619326500732,0.024,NLVPMVATV
CASSNSEKLFF,0.00146412884333821,0.025,NLVPMVATV
CASSLASGTGSYEQYF,0.00146412884333821,0.029,NLVPMVATV
CAWSVGDGRSGYTF,0.00585651537335286,0.029,NLVPMVATV
CASRVGGIGTEAFF,0.00292825768667643,0.03,NLVPMVATV
CASSPSGRGIYEQYF,0.00292825768667643,0.03,NLVPMVATV
CASFTGGTEAFF,0.00292825768667643,0.034,NLVPMVATV
CASSPGSEAFF,0.00146412884333821,0.035,NLVPMVATV
CASSQEESNEQFF,0.00146412884333821,0.035,NLVPMVATV
CASSPLVYEQFF,0.00439238653001464,0.037,NLVPMVATV
CASSLARTGKETQYF,0.00146412884333821,0.046,NLVPMVATV
CASSLARIINYGYTF,0.00146412884333821,0.0570000000000001,NLVPMVATV
CAYDRATYEQYF,0.00146412884333821,0.0600000000000001,NLVPMVATV
CSARVLGTGPLREQYF,0.00146412884333821,0.0620000000000001,NLVPMVATV
CSVPTRTGTPLSYEQYF,0.00585651537335286,0.0679999999999999,NLVPMVATV
CASSYATGGMKEQFF,0.00292825768667643,0.075,NLVPMVATV
CASSTSTTLNTEAFF,0.00146412884333821,0.077,NLVPMVATV
CAVRVAETQYF,0.00292825768667643,0.078,NLVPMVATV
CASSSPAGTGGGEKLFF,0.00146412884333821,0.093,NLVPMVATV
CATLGEGGLAGGPTQYF,0.00439238653001464,0.099,NLVPMVATV
