CDR3,clone_size,GILGFVFTL_rank,Antigen
CASSIRSSYEQYF,0.0065359477124183,0.00680000000000003,GILGFVFTL
CASAGLLNARTEAFF,0.0065359477124183,0.032,GILGFVFTL
CASSLTSLRPQHF,0.0065359477124183,0.034,GILGFVFTL
CASSPWTGGFSNSPLHF,0.0065359477124183,0.049,GILGFVFTL
CASSSQGGNIQYF,0.0065359477124183,0.0570000000000001,GILGFVFTL
CASGPYSGGGTDTQYF,0.0130718954248366,0.0629999999999999,GILGFVFTL
CASSSAGTGSSTSVYEQYF,0.0261437908496732,0.0639999999999999,GILGFVFTL
CASSFEITGGTEAFF,0.0065359477124183,0.082,GILGFVFTL
CASSLDGDRYYEQYF,0.0065359477124183,0.086,GILGFVFTL
CAWSLTDSNEQFF,0.0065359477124183,0.088,GILGFVFTL
