CDR3,clone_size,rank,pre_treat_size,Antigen
CAAKLNNARLMF,0.000513083632632119,0.001,NA,GILGFVFTL
CASSTGPLHNEQFF,0.000513083632632119,0.00480000000000003,0.00167879127028539,GILGFVFTL
CASSQDSVANEQFF,0.00205233453052848,0.00929999999999997,0.00167879127028539,GILGFVFTL
CSARVTGGIGNEQFF,0.00102616726526424,0.025,NA,GILGFVFTL
CASITGGTEAFF,0.000513083632632119,0.027,NA,GILGFVFTL
CASSYRLGGAEAFF,0.00153925089789636,0.032,0.000559597090095132,GILGFVFTL
CAISGNTGSYGYTF,0.000513083632632119,0.036,NA,GILGFVFTL
CAIRDDSSGGGSYNEQFF,0.00102616726526424,0.039,0.00111919418019026,GILGFVFTL
CASSFRSQGGEQYF,0.000513083632632119,0.039,0.000559597090095132,GILGFVFTL
CASTTGRGQPQHF,0.000513083632632119,0.046,NA,GILGFVFTL
CASSRGSGSSYNEQFF,0.000513083632632119,0.048,NA,GILGFVFTL
CASSPLGTGIYEQYF,0.00153925089789636,0.052,0.00279798545047566,GILGFVFTL
CASSPNQGEPSYGYTF,0.000513083632632119,0.053,NA,GILGFVFTL
CASSTGTGAKGTEAFF,0.00153925089789636,0.053,0.00111919418019026,GILGFVFTL
CASSFRGTAEAFF,0.00307850179579271,0.055,0.00503637381085618,GILGFVFTL
CASSYHSGRSYTF,0.00205233453052848,0.0580000000000001,0.000559597090095132,GILGFVFTL
CASSIAANSPLHF,0.000513083632632119,0.0620000000000001,0.000559597090095132,GILGFVFTL
CASSWTASYEQYF,0.000513083632632119,0.0629999999999999,NA,GILGFVFTL
CASSFSPGNNEQFF,0.000513083632632119,0.0649999999999999,NA,GILGFVFTL
CASSFAGVPDTQYF,0.00153925089789636,0.069,NA,GILGFVFTL
CASLNGQGAYEQYF,0.000513083632632119,0.07,NA,GILGFVFTL
CASSRLGDSGNTIYF,0.000513083632632119,0.073,NA,GILGFVFTL
CASSLGPNTEAFF,0.00513083632632119,0.074,0.00223838836038053,GILGFVFTL
CASRPEVQARGNQPQHF,0.000513083632632119,0.076,0.000559597090095132,GILGFVFTL
CASSIVALNQPQHF,0.00153925089789636,0.077,0.00111919418019026,GILGFVFTL
CASSEKRGTSGILIANEQFF,0.000513083632632119,0.079,0.00111919418019026,GILGFVFTL
CASSLWFGGYTF,0.00153925089789636,0.079,0.000559597090095132,GILGFVFTL
CASSPTSSGNQPQHF,0.00359158542842483,0.082,NA,GILGFVFTL
CASSIRGVSTDTQYF,0.000513083632632119,0.084,NA,GILGFVFTL
CASSITDTGGEQYF,0.000513083632632119,0.084,NA,GILGFVFTL
CASGGGTGYEAFF,0.0133401744484351,0.096,0.00783435926133184,GILGFVFTL
CASSAMGQGGSGANVLTF,0.000513083632632119,0.096,0.000559597090095132,GILGFVFTL
CASSFRSTEAFF,0.000513083632632119,0.097,0.000559597090095132,GILGFVFTL
